id,lat,long
1,35.52043,139.66501
2,35.4991,139.66127
3,35.53688,139.68425
4,35.50422,139.68973
6,35.5119,139.6644
7,35.50633,139.6707
10,35.50919,139.64487
11,35.51564,139.6521
14,35.52679,139.66762
15,35.51361,139.69044
16,35.51287,139.64798
17,35.51022,139.67155
19,35.50789,139.66394
20,35.52956,139.66348
21,35.53405,139.68135
22,35.50703,139.64993
23,35.51314,139.67183
1001,35.48674,139.65013
1003,35.47369,139.62584
1004,35.48605,139.61237
1005,35.49826,139.63785
1006,35.49091,139.64005
1007,35.47206,139.63022
1011,35.49078,139.63152
1016,35.48841,139.6167
1018,35.481,139.62662
1019,35.48504,139.63129
1020,35.490509,139.576577
1021,35.47464,139.60831
1022,35.482228,139.633422
1099,35.4814,139.61786
2001,35.44395,139.61761
2002,35.4539,139.61638
2003,35.45399,139.62146
2004,35.44888,139.62564
2005,35.45096,139.61592
2006,35.450753,139.613872
2007,35.45033,139.62003
3001,35.42972,139.6633
3003,35.429883,139.658237
3004,35.42178,139.64153
3005,35.43553,139.64548
3006,35.44256,139.6273
3008,35.42022,139.66269
3009,35.43612,139.64075
3010,35.43899,139.64743
3011,35.43635,139.64816
3012,35.42146,139.66675
3013,35.42981,139.67204
3014,35.43925,139.64154
4001,35.42973,139.59821
4003,35.4353,139.61565
4004,35.43552,139.6333
4005,35.41856,139.59592
4006,35.42698,139.61427
4009,35.43025,139.61008
4010,35.42692,139.60991
4013,35.42567,139.59102
4014,35.42854,139.58353
4015,35.43605,139.59262
4016,35.42476,139.60747
4017,35.41451,139.58859
4018,35.44026,139.61749
4019,35.43812,139.61378
4099,35.42952,139.58719
4102,35.41486,139.56999
4103,35.39992,139.59187
4104,35.37505,139.57385
4105,35.39622,139.58858
4106,35.38465,139.58406
4107,35.38414,139.57213
4109,35.3794,139.58075
4112,35.37012,139.58134
4113,35.40937,139.59157
4114,35.37686,139.58704
4116,35.39632,139.59892
4117,35.40545,139.56714
4118,35.38934,139.5724
4123,35.39859,139.59891
4195,35.39122,139.56738
4196,35.40202,139.58167
4197,35.38895,139.57751
4198,35.39569,139.58389
4199,35.38799,139.56868
5001,35.46629,139.58946
5002,35.47655,139.58925
5003,35.46251,139.57434
5004,35.46988,139.58058
5005,35.4389,139.55966
5006,35.45531,139.59943
5007,35.44863,139.59744
5008,35.44233,139.58914
5009,35.44815,139.57806
5010,35.45014,139.58838
5011,35.45217,139.59776
5013,35.45837,139.58405
5014,35.45063,139.59879
5015,35.45132,139.56319
5016,35.46322,139.6039
5099,35.46508,139.59752
5102,35.484,139.55376
5103,35.48423,139.53751
5104,35.46256,139.5551
5105,35.45374,139.52719
5107,35.49325,139.50369
5108,35.49279,139.53778
5109,35.4633,139.51967
5110,35.47362,139.54982
5111,35.45398,139.56064
5112,35.49603,139.53033
5113,35.47438,139.52719
5114,35.48752,139.54405
5115,35.48012,139.5302
5117,35.48265,139.5193
5118,35.46815,139.51387
5119,35.47314,139.5475
5121,35.50624,139.50125
5122,35.46277,139.54138
5123,35.45657,139.537
5126,35.46384,139.53447
5127,35.45459,139.52191
5128,35.50402,139.50491
5198,35.47337,139.53831
5199,35.461267,139.508973
6001,35.41649,139.61011
6002,35.3856,139.60655
6004,35.37769,139.59895
6005,35.36757,139.61018
6006,35.39983,139.6082
6007,35.40261,139.60408
6008,35.40387,139.6124
6011,35.38783,139.61411
6012,35.41857,139.63249
6014,35.41394,139.62848
6016,35.37872,139.59375
7001,35.37635,139.6362
7002,35.32434,139.59494
7003,35.33863,139.6096
7004,35.34772,139.60031
7006,35.35922,139.6127
7007,35.33163,139.62962
7008,35.36957,139.63457
7009,35.33741,139.62677
7010,35.32931,139.60573
7011,35.34327,139.62511
7012,35.37312,139.64066
7013,35.36462,139.63821
7015,35.34622,139.63359
7099,35.32428,139.62593
8001,35.54634,139.6311
8002,35.52431,139.62569
8003,35.49284,139.62788
8005,35.54542,139.62535
8006,35.49778,139.62456
8007,35.55564,139.61707
8008,35.50557,139.58479
8010,35.49944,139.61769
8011,35.50411,139.60466
8012,35.53908,139.62019
8013,35.51442,139.63033
8014,35.52835,139.63612
8015,35.54362,139.63765
8016,35.53931,139.63593
8017,35.55572,139.65154
8018,35.53777,139.63312
8020,35.52732,139.60585
8021,35.5048,139.6333
8022,35.5592,139.63799
8023,35.55453,139.64403
8024,35.53745,139.6338
8025,35.55935,139.63081
8101,35.51912,139.51494
8103,35.50727,139.56885
8105,35.50307,139.57169
8106,35.49931,139.56181
8107,35.49707,139.56128
8108,35.51002,139.54257
8109,35.5279,139.49542
8110,35.53088,139.53145
8111,35.52274,139.53555
8112,35.51609,139.52956
8113,35.53299,139.49414
8114,35.5288,139.48842
8116,35.49282,139.56174
8198,35.51776,139.50603
8199,35.51103,139.4998
8201,35.55542,139.5591
8202,35.57785,139.53825
8204,35.56947,139.53505
8205,35.55442,139.53224
8206,35.5717,139.55661
8207,35.53425,139.52248
8208,35.56246,139.5336
8209,35.58392,139.55539
8211,35.55762,139.55542
8212,35.53544,139.51035
8213,35.56742,139.52118
8214,35.58627,139.55048
8215,35.55848,139.500838
8216,35.56743,139.4729
8218,35.54194,139.52895
8219,35.55172,139.52222
8220,35.54779,139.52269
8221,35.57049,139.52415
8222,35.55933,139.48157
8298,35.55943,139.51839
8299,35.54105,139.51456
8301,35.52384,139.56544
8302,35.54324,139.55664
8303,35.54302,139.59035
8304,35.5509,139.60339
8305,35.56008,139.56909
8306,35.54936,139.58723
8307,35.52637,139.57433
8308,35.53867,139.55019
8309,35.55599,139.60455
8312,35.54345,139.58046
8314,35.56617,139.57161
8396,35.5444,139.5984
8397,35.53797,139.5715
8398,35.55956,139.58769
8399,35.56562,139.59631
8801,35.43908,139.48492
8802,35.40636,139.49478
8803,35.41462,139.48878
8804,35.41481,139.4933
8806,35.42599,139.48328
8807,35.39703,139.49611
8808,35.4314,139.48244
8809,35.41147,139.50308
8811,35.40068,139.48221
8812,35.423036,139.493385
8814,35.42642,139.47656
8897,35.43338,139.51135
8898,35.4321,139.52309
8899,35.42171,139.511
8901,35.37619,139.53371
8905,35.36701,139.55553
8906,35.35373,139.58086
8907,35.37479,139.55478
8908,35.37076,139.55571
8909,35.36088,139.56129
8915,35.37214,139.55911
8997,35.37102,139.540601
8998,35.35556,139.57588
8999,35.36872,139.56609
9001,35.42091,139.54529
9002,35.40934,139.52872
9003,35.39348,139.5401
9004,35.39561,139.52829
9005,35.4232,139.53696
9006,35.39751,139.53099
9008,35.39204,139.51424
9009,35.38417,139.54327
9010,35.38908,139.52432
9011,35.383589,139.551074
9012,35.39652,139.53146
9013,35.43417,139.53995
9014,35.36681,139.49603
9015,35.40491,139.53259
9016,35.43372,139.56976
9017,35.37889,139.5023
9018,35.41005,139.55228
9021,35.36526,139.51717
9098,35.3825,139.50401
9099,35.40086,139.51729
9101,35.47443,139.48878
9103,35.45901,139.48322
9105,35.46281,139.47313
9106,35.46519,139.49153
9107,35.44762,139.50882
9110,35.46082,139.50298
9111,35.46698,139.50096
9113,35.47028,139.4906
9114,35.46812,139.48082
9196,35.47809,139.49997
9197,35.44995,139.49791
9198,35.46383,139.49408
9199,35.43748,139.50037
101010001,35.5113,139.68167
101010002,35.50372,139.69197
101010003,35.51237,139.67822
101010004,35.50773,139.65141
101020005,35.48154,139.60933
101020007,35.49735,139.57431
101020008,35.49589,139.64091
101020084,35.47792,139.63478
101030009,35.45419,139.60684
101040010,35.42853,139.64471
101040011,35.42981,139.67204
101040012,35.43544,139.65465
101050013,35.43048,139.60603
101050014,35.43879,139.61118
101050015,35.43225,139.6236
101050016,35.432,139.58932
101050017,35.44264,139.61569
101060018,35.40968,139.5878
101060019,35.40765,139.59935
101060020,35.40151,139.56438
101060022,35.36992,139.5891
101060023,35.39114,139.59352
101060024,35.38647,139.57169
101060025,35.39316,139.57217
101070026,35.44164,139.60339
101070027,35.47213,139.57053
101070028,35.45217,139.59776
101070029,35.45595,139.60008
101070030,35.46806,139.56825
101080031,35.4814,139.52924
101080032,35.44961,139.52428
101080033,35.49188,139.52173
101080034,35.46259,139.54808
101080035,35.48632,139.55109
101080036,35.50063,139.53064
101090038,35.37236,139.61874
101090039,35.42243,139.61798
101090040,35.41974,139.62309
101090041,35.42083,139.62439
101090042,35.37769,139.59895
101100043,35.33876,139.62195
101100044,35.341,139.61832
101100045,35.3741,139.63776
101100047,35.32584,139.61191
101100085,35.32829,139.62485
101110048,35.5276,139.63057
101110049,35.50556,139.63716
101110050,35.4957,139.63155
101110051,35.52066,139.62245
101110052,35.54608,139.63402
101120053,35.51098,139.57104
101120054,35.49707,139.56128
101120055,35.52223,139.51233
101120056,35.53405,139.49591
101130057,35.57826,139.56128
101130058,35.55615,139.5417
101130059,35.56016,139.54816
101130060,35.54744,139.54918
101130061,35.57748,139.52495
101130062,35.56281,139.4821
101140063,35.53485,139.59412
101140064,35.54083,139.58015
101140065,35.54041,139.57019
101140066,35.56433,139.56541
101140067,35.53978,139.55952
101150068,35.42823,139.55577
101150069,35.39764,139.51979
101150070,35.37823,139.50089
101150071,35.38848,139.55194
101150072,35.38921,139.49086
101160073,35.37341,139.53648
101160074,35.35314,139.56491
101160075,35.35028,139.57538
101160076,35.36055,139.55496
101170077,35.42773,139.49464
101170078,35.43005,139.47575
101180080,35.46671,139.48705
101180081,35.4851,139.47469
101180082,35.47443,139.49844
101180083,35.48382,139.48648
102010002,35.52394,139.68306
102010003,35.52892,139.66893
102010004,35.53468,139.65947
102010005,35.53709,139.67334
102010006,35.52393,139.67491
102010007,35.52959,139.68376
102010008,35.50919,139.68349
102010009,35.50889,139.67757
102010010,35.51104,139.67258
102010011,35.51237,139.67822
102010012,35.52771,139.6474
102010013,35.51253,139.64716
102010014,35.50909,139.67953
102010015,35.50277,139.68896
102010016,35.51965,139.68382
102010098,35.50089,139.6929
102010142,35.50695,139.67677
102010143,35.5083,139.66896
102010144,35.502533,139.680395
102010145,35.53235,139.65111
102010146,35.53531,139.68321
102010166,35.51089,139.68672
102010167,35.52811,139.6765
102010244,35.50799,139.67674
102010245,35.50855,139.67883
102010246,35.49651,139.66426
102010247,35.51008,139.67812
102010248,35.52158,139.6664
102010249,35.52338,139.6879
102010250,35.52979,139.67377
102010251,35.51155,139.68968
102010252,35.49948,139.68559
102010253,35.52819,139.67773
102010254,35.49482,139.67169
102010255,35.49681,139.66597
102010410,35.50824,139.69412
102010411,35.52163,139.64467
102010412,35.51344,139.65462
102010413,35.50267,139.67125
102010414,35.49918,139.67302
102010415,35.51286,139.68054
102010416,35.53973,139.68228
102010417,35.53459,139.6777
102010418,35.50492,139.65791
102010419,35.50512,139.67621
102010477,35.53405,139.68135
102010478,35.53517,139.65106
102010479,35.51886,139.67075
102010480,35.50469,139.64735
102010524,35.53545,139.67244
102010525,35.51734,139.65756
102010526,35.51062,139.68105
102010527,35.50838,139.67323
102010528,35.5205,139.6787
102010562,35.49728,139.66983
102010582,35.536865,139.673942
102010583,35.53899,139.67874
102010604,35.50145,139.65257
102010606,35.51526,139.68198
102010611,35.51694,139.68657
102010616,35.53548,139.68658
102010617,35.517,139.68723
102010632,35.53146,139.67896
102010645,35.53325,139.68376
102010657,35.52732,139.68552
102010663,35.51657,139.68172
102010664,35.52441,139.65659
102010665,35.49939,139.67429
102010678,35.51292,139.6768
102010680,35.51077,139.67801
102020001,35.4741,139.62155
102020017,35.48283,139.62817
102020018,35.4963,139.64766
102020019,35.48819,139.64511
102020020,35.49052,139.63683
102020021,35.48613,139.6559
102020022,35.48756,139.58546
102020023,35.48918,139.64899
102020099,35.48369,139.64104
102020100,35.4871,139.62282
102020101,35.500815,139.587505
102020147,35.48385,139.62952
102020256,35.469797,139.638772
102020257,35.47511,139.63358
102020258,35.47475,139.63408
102020259,35.49193,139.63081
102020260,35.49765,139.65179
102020261,35.49604,139.64397
102020262,35.47706,139.60875
102020263,35.46973,139.62688
102020264,35.47771,139.63319
102020420,35.47633,139.62093
102020421,35.49023,139.62077
102020422,35.49197,139.61459
102020423,35.48267,139.64027
102020424,35.48252,139.638671
102020425,35.46744,139.6301
102020426,35.48817,139.62854
102020427,35.47057,139.62057
102020481,35.47546,139.63322
102020500,35.47366,139.62494
102020501,35.48716,139.61391
102020529,35.48763,139.60506
102020530,35.49692,139.60599
102020531,35.48973,139.65558
102020584,35.49554,139.64616
102020595,35.47701,139.62999
102020605,35.47758,139.61871
102020633,35.47423,139.61357
102020646,35.49461,139.6198
102020654,35.48819,139.65584
102020655,35.46973,139.62688
102020656,35.48734,139.62848
102020666,35.48852,139.62381
102020667,35.48624,139.62337
102020668,35.47627,139.60292
102020669,35.48322,139.64365
102020681,35.50092,139.64247
102020682,35.49294,139.65533
102020683,35.47287,139.62582
102020693,35.48927,139.65886
102020696,35.50105,139.58998
102020714,35.47559,139.62906
102030024,35.45963,139.61197
102030102,35.44974,139.61089
102030103,35.45092,139.60771
102030104,35.4589,139.62273
102030168,35.45944,139.63039
102030265,35.44752,139.60498
102030266,35.46826,139.61151
102030267,35.46265,139.62335
102030268,35.45518,139.60689
102030269,35.45252,139.61003
102030428,35.45443,139.61412
102030502,35.45771,139.63176
102030503,35.45933,139.62582
102030509,35.45404,139.61142
102030510,35.45936,139.6106
102030564,35.46545,139.6109
102030575,35.44727,139.60838
102030629,35.46346,139.63145
102030634,35.46485,139.61127
102030647,35.45095,139.6255
102030684,35.46372,139.61424
102030688,35.45657,139.62491
102030699,35.45882,139.6338
102040025,35.44131,139.65109
102040026,35.44232,139.65492
102040027,35.43953,139.64253
102040105,35.43151,139.65895
102040106,35.44113,139.6474
102040107,35.44264,139.64471
102040148,35.43784,139.6425
102040169,35.43865,139.6386
102040270,35.448568,139.637627
102040271,35.44505,139.64803
102040272,35.43465,139.63805
102040273,35.41668,139.66541
102040274,35.43867,139.63759
102040275,35.43917,139.6577
102040276,35.42699,139.66634
102040277,35.451287,139.637996
102040278,35.41778,139.63942
102040429,35.42621,139.63733
102040482,35.43711,139.63928
102040504,35.43391,139.65279
102040511,35.42198,139.66132
102040565,35.437,139.63458
102040592,35.43836,139.62605
102040603,35.44333,139.65195
102040635,35.43925,139.64154
102040670,35.44467,139.63557
102050028,35.43328,139.61417
102050029,35.43059,139.59773
102050030,35.43558,139.63068
102050031,35.42134,139.58073
102050108,35.41625,139.6024
102050109,35.43363,139.60103
102050110,35.43895,139.62073
102050111,35.43553,139.60855
102050112,35.43053,139.61745
102050113,35.43598,139.61761
102050149,35.42953,139.60832
102050279,35.43362,139.60275
102050280,35.43597,139.61855
102050281,35.43544,139.59621
102050282,35.42051,139.59369
102050283,35.43416,139.62636
102050284,35.42836,139.57939
102050285,35.42354,139.57135
102050286,35.4275,139.58049
102050287,35.4398,139.61342
102050430,35.43188,139.63197
102050512,35.41983,139.60141
102050566,35.41653,139.59204
102050590,35.43826,139.59978
102050602,35.432789,139.610193
102050692,35.41949,139.59622
102050700,35.41621,139.59259
102050701,35.42324,139.59949
102060032,35.38784,139.57489
102060033,35.4052,139.57822
102060034,35.40756,139.59021
102060035,35.38602,139.57541
102060036,35.41872,139.57523
102060037,35.41067,139.5976
102060038,35.40206,139.57376
102060039,35.3803,139.59094
102060114,35.41458,139.59549
102060115,35.40183,139.57307
102060116,35.40919,139.56667
102060170,35.40039,139.56757
102060288,35.38988,139.58305
102060289,35.37191,139.58182
102060290,35.39735,139.5874
102060291,35.36848,139.59071
102060292,35.4091,139.5954
102060293,35.40505,139.57646
102060294,35.40394,139.59763
102060295,35.37626,139.57265
102060296,35.37222,139.57397
102060431,35.40122,139.59328
102060432,35.39749,139.57155
102060433,35.40912,139.59283
102060434,35.41051,139.59387
102060483,35.40324,139.59491
102060484,35.41314,139.57829
102060513,35.39963,139.59122
102060514,35.37333,139.58575
102060532,35.4108,139.59309
102060533,35.37803,139.57881
102060534,35.39862,139.59076
102060593,35.37204,139.57791
102060596,35.40665,139.59737
102060648,35.41476,139.59404
102060660,35.3766,139.57861
102070040,35.45261,139.60281
102070041,35.47747,139.56816
102070042,35.47983,139.56726
102070043,35.48058,139.57098
102070044,35.45492,139.56358
102070045,35.45498,139.59653
102070150,35.44828,139.56512
102070171,35.46882,139.58046
102070172,35.46318,139.58853
102070173,35.47522,139.57025
102070174,35.466348,139.586051
102070297,35.4383,139.57448
102070298,35.44176,139.56354
102070299,35.48787,139.56273
102070300,35.44863,139.60161
102070301,35.49255,139.55165
102070302,35.44461,139.59546
102070303,35.46101,139.59326
102070304,35.4572,139.59039
102070305,35.4769,139.59148
102070306,35.46388,139.59213
102070307,35.4476,139.57837
102070435,35.46466,139.58823
102070436,35.4538,139.55795
102070437,35.47812,139.6003
102070520,35.46064,139.59543
102070535,35.46624,139.5775
102070536,35.47758,139.59036
102070537,35.46101,139.59326
102070556,35.44778,139.59215
102070557,35.44659,139.59467
102070585,35.46095,139.58411
102070594,35.45015,139.59737
102070614,35.45814,139.60146
102070618,35.4496,139.60033
102070637,35.45879,139.599
102070649,35.45914,139.58919
102070695,35.47759,139.57092
102070711,35.46624,139.5775
102080046,35.46441,139.5222
102080047,35.46035,139.52756
102080048,35.48029,139.55699
102080049,35.49131,139.53935
102080050,35.50353,139.53122
102080051,35.47046,139.55684
102080052,35.46318,139.53088
102080053,35.46718,139.50674
102080054,35.46106,139.51526
102080055,35.50825,139.5007
102080117,35.46187,139.54213
102080151,35.47338,139.54904
102080175,35.45657,139.537
102080176,35.45959,139.55997
102080177,35.46147,139.53279
102080178,35.48712,139.54305
102080308,35.47522,139.54919
102080309,35.47473,139.55038
102080310,35.46577,139.55528
102080311,35.47522,139.54919
102080312,35.47004,139.50964
102080313,35.47691,139.53587
102080314,35.46963,139.5473
102080315,35.48007,139.51535
102080316,35.47808,139.55031
102080317,35.4538,139.52568
102080318,35.46255,139.5089
102080438,35.47641,139.54518
102080439,35.45999,139.51082
102080505,35.45185,139.50789
102080539,35.46545,139.51819
102080576,35.47626,139.54683
102080579,35.4743,139.55083
102080619,35.45187,139.52533
102080650,35.47536,139.55302
102080661,35.50531,139.50023
102080671,35.46147,139.53279
102080702,35.47182,139.50252
102090056,35.40891,139.61937
102090057,35.38074,139.59644
102090118,35.3951,139.60873
102090152,35.38501,139.62157
102090153,35.39584,139.61389
102090179,35.40333,139.61151
102090180,35.38244,139.62199
102090181,35.38252,139.59843
102090182,35.41684,139.63835
102090183,35.42424,139.62135
102090184,35.40305,139.61676
102090319,35.41577,139.60849
102090320,35.38573,139.61917
102090321,35.38257,139.62019
102090322,35.40383,139.61967
102090323,35.36937,139.61409
102090324,35.39192,139.61093
102090325,35.37685,139.59349
102090326,35.40414,139.6187
102090440,35.41407,139.63031
102090540,35.38873,139.62077
102090567,35.39609,139.61272
102090580,35.38055,139.59854
102090586,35.40383,139.61967
102090591,35.39403,139.60942
102090615,35.41637,139.61243
102090628,35.39893,139.61484
102090662,35.41605,139.63214
102090672,35.40383,139.61967
102090673,35.40297,139.61786
102100058,35.34982,139.62851
102100059,35.31798,139.61626
102100119,35.35764,139.62904
102100120,35.3619,139.63928
102100121,35.32829,139.62485
102100185,35.37993,139.63281
102100186,35.35606,139.6424
102100187,35.34256,139.61964
102100188,35.34415,139.6189
102100189,35.33894,139.59958
102100190,35.33252,139.6312
102100191,35.34295,139.61967
102100327,35.3335,139.62125
102100328,35.35944,139.62843
102100329,35.36556,139.63092
102100330,35.33387,139.6097
102100331,35.354394,139.621643
102100332,35.34349,139.6217
102100333,35.36829,139.62973
102100334,35.33205,139.63274
102100335,35.36793,139.63635
102100441,35.34497,139.61748
102100442,35.36124,139.6295
102100443,35.34626,139.62227
102100444,35.35955,139.6265
102100445,35.33912,139.6268
102100485,35.33586,139.61197
102100486,35.34546,139.62331
102100515,35.33636,139.62811
102100558,35.34323,139.61818
102100597,35.33586,139.61197
102100697,35.36817,139.63988
102110060,35.50907,139.63531
102110061,35.54737,139.6445
102110062,35.55719,139.64009
102110063,35.53873,139.64191
102110064,35.54608,139.63402
102110122,35.55155,139.63568
102110123,35.52846,139.61197
102110124,35.54777,139.62143
102110125,35.55167,139.65013
102110126,35.50147,139.6205
102110127,35.54404,139.61642
102110128,35.55475,139.6153
102110154,35.52461,139.6319
102110155,35.53563,139.62985
102110192,35.5269,139.63483
102110193,35.52055,139.62955
102110194,35.53132,139.63066
102110195,35.519676,139.607551
102110196,35.54573,139.65211
102110197,35.52575,139.62299
102110198,35.55935,139.63081
102110199,35.53989,139.64491
102110200,35.55676,139.64255
102110201,35.53719,139.62941
102110202,35.5377,139.63535
102110203,35.51013,139.6299
102110204,35.52199,139.62711
102110205,35.51827,139.63095
102110206,35.54861,139.62016
102110336,35.51805,139.62505
102110337,35.54311,139.64873
102110338,35.54218,139.64005
102110339,35.51261,139.61832
102110340,35.50878,139.61624
102110341,35.53202,139.63397
102110342,35.53642,139.62131
102110343,35.50565,139.62144
102110344,35.53006,139.64218
102110345,35.55565,139.64568
102110346,35.5198,139.63425
102110347,35.54613,139.61737
102110348,35.52369,139.62378
102110349,35.54888,139.61975
102110350,35.52473,139.60855
102110351,35.51833,139.63574
102110352,35.52555,139.62364
102110446,35.55155,139.63568
102110447,35.53986,139.61508
102110448,35.54766,139.63847
102110449,35.55051,139.62688
102110450,35.51449,139.62056
102110451,35.50555,139.61212
102110452,35.51449,139.62056
102110453,35.50308,139.63409
102110487,35.54697,139.65283
102110488,35.51547,139.63141
102110506,35.49662,139.60999
102110507,35.507966,139.600841
102110541,35.52159,139.61952
102110542,35.5162,139.62964
102110543,35.5385,139.63261
102110544,35.516722,139.623802
102110545,35.51369,139.62473
102110607,35.54116,139.64563
102110609,35.54425,139.63614
102110613,35.54816,139.643377
102110620,35.54203,139.62338
102110621,35.5307,139.61714
102110622,35.54259,139.63158
102110623,35.54165,139.64253
102110624,35.53549,139.62415
102110625,35.54701,139.65469
102110636,35.51196,139.63205
102110639,35.49823,139.63182
102110640,35.55813,139.63609
102110641,35.53851,139.64084
102110642,35.55029,139.65549
102110651,35.52167,139.63101
102110658,35.53184,139.63083
102110659,35.54634,139.6311
102110674,35.54233,139.63954
102110675,35.52698,139.63353
102110685,35.54737,139.6445
102110686,35.52019,139.63084
102110689,35.55323,139.61362
102110690,35.50991,139.60049
102110703,35.51098,139.62094
102110709,35.53595,139.63799
102110710,35.50798,139.61246
102120066,35.50867,139.53773
102120067,35.52214,139.49803
102120068,35.52117,139.50121
102120069,35.52117,139.50121
102120070,35.52156,139.49443
102120071,35.51017,139.5304
102120072,35.53514,139.4948
102120129,35.50814,139.56474
102120130,35.50578,139.56445
102120131,35.52702,139.51649
102120132,35.532,139.493
102120133,35.51194,139.540233
102120156,35.53169,139.5036
102120207,35.52656,139.51451
102120208,35.52518,139.50473
102120353,35.52119,139.54562
102120354,35.51968,139.53865
102120355,35.514756,139.533626
102120356,35.51059,139.56284
102120357,35.5114,139.56772
102120358,35.52037,139.52055
102120359,35.5142,139.50534
102120360,35.52158,139.51817
102120361,35.51078,139.54005
102120362,35.5328,139.4977
102120454,35.51573,139.54047
102120455,35.53148,139.49539
102120456,35.53514,139.4948
102120489,35.50979,139.56856
102120490,35.52363,139.51141
102120491,35.5234,139.51003
102120492,35.52874,139.50398
102120493,35.51868,139.54453
102120546,35.51292,139.54384
102120568,35.50685,139.58037
102120577,35.53239,139.49561
102120626,35.52983,139.49728
102120630,35.51232,139.54353
102120676,35.53448,139.49399
102120712,35.52175,139.49699
102130073,35.54826,139.52789
102130074,35.57345,139.54993
102130075,35.56836,139.54063
102130076,35.58043,139.55991
102130077,35.55823,139.54665
102130078,35.56157,139.55054
102130079,35.55043,139.51923
102130080,35.57664,139.55777
102130081,35.54641,139.51862
102130134,35.53422,139.52135
102130135,35.57518,139.55487
102130136,35.58091,139.54857
102130137,35.57822,139.55959
102130138,35.57172,139.52693
102130157,35.57528,139.56076
102130158,35.53931,139.52588
102130159,35.5458,139.50851
102130209,35.54224,139.48375
102130210,35.5442,139.51512
102130211,35.5457,139.52818
102130212,35.53723,139.5127
102130213,35.55841,139.55173
102130214,35.55096,139.53978
102130215,35.58165,139.56052
102130216,35.56628,139.55522
102130363,35.57465,139.55916
102130364,35.5442,139.52699
102130365,35.56815,139.55591
102130366,35.541549,139.518003
102130367,35.53608,139.51775
102130368,35.53693,139.53033
102130369,35.55093,139.54759
102130370,35.54935,139.51704
102130371,35.53899,139.49995
102130372,35.53963,139.51649
102130373,35.55568,139.5209
102130374,35.54554,139.51868
102130457,35.57729,139.53372
102130458,35.54322,139.52872
102130459,35.57566,139.55737
102130494,35.53973,139.54681
102130516,35.56693,139.55142
102130547,35.58012,139.55925
102130548,35.58381,139.55367
102130549,35.55104,139.54106
102130550,35.54686,139.50778
102130559,35.54533,139.52887
102130581,35.54062,139.51607
102130587,35.57732,139.56238
102130610,35.54192,139.51352
102130612,35.54256,139.52258
102130631,35.53964,139.51367
102130652,35.57283,139.55139
102130653,35.55017,139.51602
102130677,35.5758,139.55815
102130687,35.54463,139.5132
102130713,35.55352,139.54372
102140082,35.52836,139.54999
102140083,35.54633,139.57474
102140084,35.56197,139.57108
102140139,35.56102,139.58899
102140140,35.55823,139.57733
102140217,35.53753,139.55713
102140218,35.54943,139.5972
102140219,35.53433,139.59142
102140220,35.55599,139.60455
102140221,35.55198,139.57707
102140222,35.55961,139.59599
102140223,35.53515,139.58673
102140375,35.55057,139.5789
102140376,35.52509,139.57265
102140377,35.54123,139.59113
102140378,35.52327,139.55388
102140379,35.52398,139.55803
102140380,35.5606,139.58339
102140381,35.55714,139.57558
102140382,35.55295,139.5927
102140383,35.54421,139.57259
102140384,35.514784,139.570158
102140385,35.55112,139.5773
102140460,35.56324,139.58534
102140461,35.54617,139.57359
102140462,35.536,139.56282
102140463,35.51669,139.57365
102140464,35.55737,139.58804
102140465,35.5371,139.5605
102140495,35.51783,139.57109
102140508,35.54711,139.57236
102140517,35.56347,139.57011
102140551,35.5617,139.57925
102140552,35.519247,139.560858
102140553,35.55359,139.60431
102140588,35.5425,139.59186
102140598,35.53794,139.57262
102140644,35.53357,139.5898
102140704,35.54667,139.5764
102140705,35.55431,139.57983
102140706,35.56164,139.56909
102150085,35.41587,139.54758
102150086,35.438924,139.554207
102150087,35.43287,139.55852
102150088,35.43746,139.55304
102150160,35.424418,139.556167
102150161,35.38657,139.51566
102150224,35.43517,139.56052
102150225,35.401822,139.532946
102150226,35.402224,139.532854
102150227,35.37496,139.49985
102150228,35.39698,139.52477
102150229,35.43199,139.55553
102150230,35.43031,139.55461
102150231,35.42721,139.55852
102150232,35.401913,139.531226
102150233,35.40219,139.53201
102150234,35.3938,139.52667
102150235,35.38976,139.52563
102150236,35.400552,139.537615
102150386,35.40068,139.528
102150387,35.43116,139.56012
102150388,35.40286,139.52235
102150389,35.42394,139.53261
102150390,35.369352,139.517252
102150391,35.41722,139.55029
102150392,35.396,139.53154
102150393,35.43045,139.54179
102150394,35.37328,139.50461
102150395,35.41702,139.53305
102150396,35.39816,139.54938
102150466,35.39878,139.53925
102150467,35.39713,139.53946
102150468,35.42281,139.54607
102150469,35.39644,139.53073
102150470,35.40243,139.54585
102150471,35.42701,139.54594
102150497,35.4267,139.55974
102150498,35.42555,139.55182
102150499,35.43517,139.56052
102150518,35.42272,139.53284
102150554,35.40256,139.53423
102150560,35.41983,139.54128
102150561,35.40007,139.53763
102150571,35.43352,139.55319
102150589,35.40178,139.5329
102150599,35.402648,139.535443
102150600,35.40622,139.55038
102150608,35.39625,139.52187
102150627,35.42731,139.56059
102150643,35.39887,139.53139
102150691,35.43456,139.55975
102150694,35.40219,139.53201
102150707,35.38564,139.53995
102160089,35.35886,139.53444
102160090,35.36812,139.53123
102160091,35.34784,139.5751
102160162,35.3672,139.55029
102160397,35.36492,139.54179
102160398,35.361733,139.552517
102160399,35.37094,139.5584
102160472,35.3613,139.53664
102160555,35.35647,139.53221
102160578,35.37927,139.55492
102160638,35.37188,139.54681
102170092,35.42189,139.5228
102170141,35.39726,139.49126
102170163,35.41859,139.49919
102170164,35.4024,139.49086
102170237,35.39106,139.49254
102170238,35.41735,139.48694
102170239,35.4315,139.50377
102170240,35.43115,139.50711
102170241,35.4073,139.5043
102170242,35.44044,139.52663
102170400,35.43311,139.47403
102170401,35.4162,139.49953
102170402,35.41911,139.51001
102170403,35.43847,139.52072
102170404,35.414341,139.484696
102170405,35.41188,139.51611
102170406,35.40612,139.50311
102170407,35.40312,139.50888
102170408,35.4421,139.48387
102170473,35.4181,139.52333
102170474,35.435846,139.513228
102170521,35.4132,139.48732
102170522,35.43893,139.52094
102170572,35.42379,139.47845
102170601,35.415749,139.494115
102170679,35.41008,139.51218
102180093,35.45318,139.50104
102180094,35.47068,139.49484
102180095,35.46501,139.48593
102180096,35.46864,139.48122
102180097,35.47028,139.4906
102180165,35.45535,139.49048
102180243,35.46601,139.49864
102180409,35.45055,139.50775
102180475,35.46804,139.49574
102180476,35.47158,139.48387
102180519,35.47589,139.48955
102180523,35.47101,139.48396
102180574,35.46703,139.49599
102180698,35.45918,139.47397
102180708,35.47139,139.48232
202020001,35.4814,139.61786
202050002,35.42952,139.58719
202060006,35.40202,139.58167
202060007,35.39122,139.56738
202060016,35.38895,139.57751
202060017,35.39569,139.58389
202070014,35.46508,139.59752
202080008,35.461267,139.508973
202080018,35.47337,139.53831
202080035,35.4633,139.51967
202080039,35.50402,139.50491
202100003,35.32428,139.62593
202120019,35.51776,139.50603
202120020,35.51103,139.4998
202130011,35.55943,139.51839
202140012,35.5444,139.5984
202140013,35.53797,139.5715
202140022,35.56562,139.59631
202140025,35.55956,139.58769
202140026,35.42171,139.511
202140027,35.51314,139.67183
202140028,35.38799,139.56868
202140029,35.4321,139.52309
202140030,35.54105,139.51456
202140031,35.40086,139.51729
202140032,35.43748,139.50037
202150015,35.3825,139.50401
202150034,35.40491,139.53259
202160004,35.35556,139.57588
202160005,35.36872,139.56609
202160024,35.37102,139.540601
202170023,35.43338,139.51135
202170033,35.40636,139.49478
202170036,35.41462,139.48878
202170037,35.42642,139.47656
202170038,35.39703,139.49611
202180009,35.47809,139.49997
202180010,35.44995,139.49791
202180021,35.46383,139.49408
302010005,35.53157,139.6716
302010037,35.49794,139.66199
302010046,35.51344,139.65462
302010052,35.50654,139.6433
302010054,35.51394,139.68672
302010100,35.517,139.68723
302010101,35.517,139.68723
302010134,35.50705,139.68282
302010146,35.51744,139.68785
302010153,35.53098,139.68144
302010155,35.51484,139.656987
302020028,35.46919,139.62743
302020072,35.47716,139.61855
302020074,35.47752,139.62852
302020085,35.49224,139.61275
302020096,35.487998,139.60464
302020107,35.4945,139.64503
302020108,35.48043,139.63078
302020109,35.48739,139.6566
302020110,35.49973,139.64595
302020111,35.47709,139.62735
302020126,35.48116,139.64062
302020135,35.46867,139.62968
302020136,35.48901,139.65233
302020160,35.48013,139.63139
302030015,35.44946,139.61897
302030024,35.46173,139.61694
302030066,35.45383,139.61432
302030092,35.46672,139.61362
302030102,35.45095,139.62453
302030137,35.46346,139.63145
302040009,35.42517,139.66872
302040022,35.43634,139.66106
302040023,35.42164,139.65942
302040034,35.44688,139.6459
302040036,35.44565,139.64392
302040084,35.44113,139.6474
302040127,35.43863,139.62256
302040147,35.41905,139.64616
302040161,35.43776,139.63503
302050053,35.44257,139.61269
302050091,35.43549,139.60059
302050097,35.43369,139.6116
302050098,35.43174,139.60176
302050124,35.43527,139.62465
302050128,35.433,139.60478
302060031,35.41051,139.59387
302060056,35.3995,139.56926
302060076,35.41114,139.59409
302060081,35.40849,139.59259
302060083,35.40359,139.59149
302060116,35.40521,139.59674
302060138,35.39668,139.58649
302070057,35.45538,139.60432
302070066,35.43625,139.56299
302070093,35.45795,139.59474
302070125,35.45203,139.58998
302070159,35.46095,139.58411
302070163,35.45425,139.603
302080016,35.46986,139.54037
302080048,35.46255,139.53059
302080058,35.48889,139.54123
302080062,35.45628,139.56372
302080077,35.47876,139.54749
302080095,35.47185,139.53844
302080129,35.46176,139.52759
302080142,35.46176,139.52759
302080143,35.46895,139.50369
302080148,35.46076,139.50854
302090013,35.3992,139.61435
302090017,35.38021,139.59993
302090018,35.38021,139.59993
302090035,35.40123,139.61029
302090149,35.39946,139.6165
302090150,35.38552,139.61838
302100010,35.32683,139.61391
302100041,35.343742,139.622576
302100059,35.36462,139.63821
302110001,35.51805,139.63235
302110006,35.55281,139.64607
302110019,35.51631,139.62523
302110032,35.50233,139.61066
302110033,35.52633,139.64513
302110051,35.55043,139.64764
302110070,35.54125,139.64473
302110071,35.51291,139.62138
302110079,35.50488,139.62839
302110086,35.5499,139.64706
302110103,35.53563,139.62985
302110112,35.55695,139.62943
302110113,35.53936,139.64296
302110114,35.55763,139.62737
302110115,35.53509,139.63795
302110123,35.55009,139.63603
302110130,35.5134,139.61945
302110139,35.53792,139.63029
302110151,35.54195,139.64143
302120003,35.516836,139.536206
302120025,35.52214,139.49803
302120026,35.50682,139.56447
302120030,35.51038,139.57013
302120045,35.51495,139.54179
302120055,35.52456,139.51302
302120069,35.52511,139.51874
302120080,35.52954,139.49466
302120090,35.51218,139.5423
302120104,35.52954,139.49466
302120106,35.50925,139.54019
302120131,35.51372,139.53433
302120156,35.51109,139.56511
302130050,35.54579,139.51004
302130063,35.54173,139.51274
302130064,35.55072,139.54315
302130068,35.56252,139.53038
302130094,35.57206,139.55232
302130117,35.54061,139.51959
302130118,35.53734,139.51952
302130119,35.55217,139.55315
302130120,35.55275,139.5433
302130144,35.55782,139.55048
302130145,35.58381,139.55367
302130154,35.53791,139.50293
302130157,35.56861,139.54811
302130158,35.57518,139.55487
302130164,35.56734,139.5584
302140004,35.54185,139.57867
302140008,35.56159,139.59248
302140012,35.54074,139.56029
302140043,35.53572,139.58656
302140044,35.54444,139.57542
302140065,35.53819,139.55945
302140072,35.55463,139.58034
302140075,35.56159,139.59248
302140165,35.5346,139.59016
302150002,35.40974,139.52003
302150011,35.38401,139.52164
302150027,35.43132,139.55759
302150029,35.40841,139.52087
302150038,35.39402,139.53693
302150040,35.404809,139.536399
302150049,35.42696,139.56108
302150077,35.42054,139.53572
302150088,35.40597,139.53477
302150121,35.42786,139.55731
302150132,35.39627,139.53526
302150140,35.42182,139.54558
302150152,35.3999,139.53903
302150162,35.43178,139.55875
302160047,35.35936,139.53294
302160087,35.3623,139.55214
302160122,35.363179,139.576124
302170020,35.42912,139.50558
302170021,35.39106,139.49254
302170039,35.40388,139.50467
302170042,35.41037,139.51288
302170089,35.41623,139.49922
302170099,35.41048,139.511
302170105,35.41531,139.49997
302170133,35.41481,139.51169
302180007,35.45451,139.50224
302180014,35.46698,139.48602
302180060,35.469,139.5018
302180061,35.47,139.48254
302180082,35.45098,139.50266
302180141,35.46767,139.48599
402010003,35.51884,139.67107
402010004,35.51871,139.65283
402020005,35.49182,139.6349
402020006,35.49806,139.58582
402030038,35.44812,139.61372
402040008,35.42928,139.64372
402050001,35.41712,139.58548
402050009,35.43978,139.59323
402050036,35.43003,139.63309
402060010,35.39931,139.56738
402060012,35.45859,139.57552
402060013,35.44922,139.59639
402080015,35.47766,139.52028
402080016,35.47534,139.54958
402080017,35.45628,139.54056
402090002,35.38024,139.60469
402100035,35.34021,139.59999
402110034,35.54006,139.62032
402120020,35.51587,139.51535
402120021,35.50555,139.56606
402130022,35.54449,139.54924
402130023,35.55708,139.51501
402130037,35.55391,139.48302
402140024,35.56349,139.57262
402140025,35.52361,139.56866
402140026,35.53965,139.55692
402150027,35.39988,139.51004
402160028,35.35568,139.57698
402160029,35.37132,139.53706
402170030,35.4276,139.52213
402180032,35.45829,139.47699
402180033,35.46221,139.48058
502020003,35.46684,139.6347
502040004,35.4222,139.66254
502080002,35.46206,139.50879
502110001,35.55181,139.61586
602010001,35.50719,139.68408
602010002,35.50943,139.67714
602010003,35.51339,139.67374
602010004,35.49549,139.66774
602010005,35.50705,139.68282
602010006,35.50811,139.67929
602010007,35.50385,139.67804
602010008,35.53142,139.68288
602010009,35.50385,139.67804
602010011,35.5219,139.68288
602020012,35.47252,139.62164
602020013,35.49091,139.64005
602020015,35.4945,139.64503
602020018,35.49103,139.64958
602030019,35.45923,139.6153
602030020,35.4636,139.61838
602030022,35.45835,139.62178
602040024,35.44745,139.6279
602040026,35.42789,139.64644
602040029,35.44447,139.62834
602040030,35.44807,139.63142
602050032,35.43836,139.58765
602060034,35.37453,139.5752
602060035,35.37419,139.58104
602070037,35.44654,139.58124
602070038,35.45181,139.60379
602080043,35.45901,139.515
602080044,35.46149,139.5152
602080045,35.45884,139.53343
602090048,35.37777,139.59671
602100049,35.36013,139.62907
602110050,35.55455,139.6449
602110053,35.55408,139.64561
602110055,35.52073,139.62895
602110056,35.53646,139.63065
602110058,35.55467,139.64677
602110060,35.53788,139.62909
602110061,35.53646,139.63065
602110062,35.52276,139.63034
602110064,35.51216,139.62283
602110067,35.5377,139.63535
602110068,35.51258,139.63037
602120070,35.53299,139.49414
602120071,35.51196,139.53798
602130072,35.5439,139.54674
602130073,35.57487,139.55603
602130074,35.57693,139.56009
602130075,35.57092,139.5535
602130076,35.57848,139.55615
602140078,35.54356,139.57556
602140079,35.53433,139.59142
602140080,35.53696,139.58968
602140081,35.52384,139.56544
602140084,35.56322,139.56987
602140085,35.53862,139.55981
602140087,35.55057,139.5789
602140089,35.55526,139.58131
602140090,35.55515,139.58066
602150094,35.4271,139.5542
602150095,35.39561,139.52829
602160096,35.36055,139.55496
602160097,35.36042,139.55835
602180099,35.469,139.5018
602180101,35.46588,139.50372
702010002,35.52394,139.68306
702010003,35.50793,139.69116
702010004,35.50755,139.64621
702010005,35.52674,139.65753
702010006,35.51564,139.6521
702010007,35.51339,139.67374
702010010,35.50385,139.67804
702010014,35.49452,139.6675
702010015,35.50703,139.64993
702010016,35.51609,139.65315
702010017,35.50623,139.67513
702010020,35.51059,139.67514
702010021,35.51744,139.68785
702010022,35.50646,139.67822
702010025,35.50794,139.67433
702020001,35.49218,139.65668
702020002,35.47476,139.62074
702020005,35.48606,139.62669
702020008,35.47795,139.63138
702020009,35.48614,139.63319
702020010,35.46932,139.63304
702020013,35.48635,139.65643
702020014,35.47006,139.61809
702020015,35.48082,139.60606
702020016,35.47626,139.61313
702020017,35.48544,139.62746
702020018,35.46744,139.6301
702020019,35.500568,139.589195
702020020,35.47584,139.62456
702020021,35.47585,139.63005
702030002,35.46485,139.61127
702030003,35.45509,139.63145
702030004,35.46242,139.6199
702030005,35.45666,139.63402
702030008,35.461699,139.631978
702030009,35.45882,139.62926
702030010,35.46383,139.61098
702030012,35.456,139.61882
702030013,35.46238,139.61278
702030015,35.45974,139.61334
702030017,35.45725,139.62082
702030018,35.46665,139.61284
702030019,35.46607,139.61243
702030021,35.46173,139.62532
702030022,35.46397,139.61525
702030023,35.46202,139.63199
702040003,35.45073,139.63863
702040006,35.44721,139.63918
702040009,35.42001,139.65793
702040010,35.44113,139.6474
702040011,35.429197,139.652154
702040013,35.43196,139.65703
702040017,35.449237,139.634813
702040018,35.44032,139.64459
702040020,35.44139,139.63748
702040021,35.44062,139.64922
702040022,35.44606,139.63824
702040023,35.44795,139.63824
702040024,35.4469,139.63744
702040025,35.43422,139.66267
702040026,35.44195,139.64728
702040027,35.42164,139.65942
702040028,35.43709,139.65012
702040030,35.44308,139.62613
702050003,35.43699,139.62253
702050008,35.43566,139.61867
702050009,35.43979,139.6219
702050011,35.42241,139.5741
702060001,35.40742,139.59219
702060002,35.37453,139.5752
702060005,35.42046,139.57326
702060009,35.368,139.58121
702070009,35.47805,139.5654
702080002,35.45916,139.51616
702080008,35.46058,139.53297
702080010,35.45375,139.52419
702080014,35.45698,139.54117
702080015,35.45886,139.53091
702080016,35.46466,139.53339
702080017,35.48705,139.54266
702090007,35.41908,139.62651
702100007,35.34365,139.61969
702100014,35.32614,139.62758
702110001,35.55763,139.62737
702110006,35.51022,139.58525
702110007,35.54017,139.62465
702110011,35.503104,139.603039
702110013,35.55167,139.65013
702110014,35.50503,139.60751
702110016,35.49304,139.62114
702110017,35.54877,139.65613
702110018,35.55672,139.6456
702110020,35.51941,139.63167
702110021,35.52408,139.63448
702110022,35.53788,139.62909
702110023,35.49471,139.63182
702110024,35.50116,139.62383
702110025,35.51291,139.62138
702110026,35.52399,139.61443
702110027,35.54411,139.63829
702110028,35.52074,139.63109
702110030,35.5132,139.63197
702110031,35.55336,139.64616
702110032,35.54608,139.63402
702110033,35.51799,139.63327
702110034,35.51369,139.62473
702110035,35.54737,139.6445
702120001,35.52225,139.50041
702120004,35.52428,139.51671
702120013,35.52491,139.51625
702120015,35.52137,139.50067
702120018,35.523,139.51476
702120022,35.51598,139.53081
702120024,35.51002,139.54257
702120025,35.52137,139.50067
702120027,35.52796,139.49374
702130001,35.54237,139.51494
702130002,35.55443,139.53992
702130003,35.58041,139.55807
702130004,35.56969,139.50972
702130005,35.560938,139.539131
702130011,35.57513,139.55031
702130015,35.53963,139.51649
702130016,35.5442,139.52699
702130018,35.57254,139.55551
702130022,35.56902,139.5452
702130023,35.54819,139.50725
702130024,35.54194,139.52895
702130025,35.54173,139.51274
702130026,35.57925,139.56009
702140001,35.534,139.59164
702140002,35.56042,139.59695
702140003,35.5651,139.58051
702140004,35.53634,139.55432
702140005,35.53683,139.5556
702140009,35.53667,139.58995
702140010,35.54574,139.56921
702140011,35.56256,139.57236
702140012,35.56156,139.57365
702140015,35.55526,139.58131
702140016,35.51291,139.55811
702140018,35.53862,139.55981
702140020,35.53731,139.56093
702140022,35.55526,139.58131
702140023,35.54587,139.57605
702140024,35.56384,139.57829
702140025,35.55347,139.57835
702140026,35.54303,139.57607
702140027,35.53462,139.58923
702140028,35.54605,139.58195
702140029,35.54846,139.56058
702140030,35.55198,139.57707
702140031,35.54209,139.57193
702140032,35.56347,139.57011
702140036,35.55347,139.57835
702140037,35.53526,139.5876
702140038,35.55423,139.5666
702140039,35.54526,139.57532
702140040,35.55515,139.58066
702140041,35.55431,139.57983
702140042,35.54724,139.57152
702140043,35.56401,139.60004
702140044,35.5346,139.59016
702140045,35.54116,139.58005
702150003,35.430558,139.561883
702150004,35.39754,139.53157
702150014,35.43263,139.55765
702150018,35.40371,139.53606
702150022,35.40722,139.5345
702150025,35.36429,139.49289
702150026,35.39644,139.53073
702160002,35.36201,139.55251
702160006,35.3636,139.56081
702160007,35.37076,139.55571
702160008,35.37058,139.54692
702170001,35.44247,139.47955
702170009,35.43036,139.495607
702180004,35.46658,139.50346
702180005,35.46838,139.49309
